table,id,oldUrl,newUrl,timestamp
cars,14,"https://res.cloudinary.com/djfqzcbib/image/upload/v1761419630/alfa-motors/cars/xhisam1ho8z10btuhjm4.jpg","https://media.alfamotorworld.com/uploads/1763022987_xhisam1ho8z10btuhjm4.jpg",2025-11-13T08:36:27.804Z
cars,14,"https://res.cloudinary.com/djfqzcbib/image/upload/v1761419631/alfa-motors/cars/ld32ascpzloj21rajj7k.jpg","https://media.alfamotorworld.com/uploads/1763022989_ld32ascpzloj21rajj7k.jpg",2025-11-13T08:36:29.321Z
cars,14,"https://res.cloudinary.com/djfqzcbib/image/upload/v1761419634/alfa-motors/cars/hopaqrfled3mxenhr56b.jpg","https://media.alfamotorworld.com/uploads/1763022990_hopaqrfled3mxenhr56b.jpg",2025-11-13T08:36:30.797Z
cars,14,"https://res.cloudinary.com/djfqzcbib/image/upload/v1761419635/alfa-motors/cars/h9flukyxuqwmuld7pm0p.jpg","https://media.alfamotorworld.com/uploads/1763022991_h9flukyxuqwmuld7pm0p.jpg",2025-11-13T08:36:32.137Z
cars,14,"https://res.cloudinary.com/djfqzcbib/image/upload/v1761419637/alfa-motors/cars/hgncktunekhs12az08fp.jpg","https://media.alfamotorworld.com/uploads/1763022993_hgncktunekhs12az08fp.jpg",2025-11-13T08:36:33.803Z
cars,14,"https://res.cloudinary.com/djfqzcbib/image/upload/v1761419638/alfa-motors/cars/ovsmg6nkpjnltxgcxm0p.jpg","https://media.alfamotorworld.com/uploads/1763022995_ovsmg6nkpjnltxgcxm0p.jpg",2025-11-13T08:36:35.280Z
cars,14,"https://res.cloudinary.com/djfqzcbib/image/upload/v1761419641/alfa-motors/cars/mmgpj2a5k4hzblmuzten.jpg","https://media.alfamotorworld.com/uploads/1763022997_mmgpj2a5k4hzblmuzten.jpg",2025-11-13T08:36:37.805Z
cars,14,"https://res.cloudinary.com/djfqzcbib/image/upload/v1761419642/alfa-motors/cars/gyz8d2hf7b2ta3xw06xw.jpg","https://media.alfamotorworld.com/uploads/1763022999_gyz8d2hf7b2ta3xw06xw.jpg",2025-11-13T08:36:40.090Z
cars,14,"https://res.cloudinary.com/djfqzcbib/image/upload/v1761419644/alfa-motors/cars/jjbjuvvoresasszqtxsa.jpg","https://media.alfamotorworld.com/uploads/1763023001_jjbjuvvoresasszqtxsa.jpg",2025-11-13T08:36:41.911Z
cars,15,"https://res.cloudinary.com/djfqzcbib/image/upload/v1761419645/alfa-motors/cars/tjov362tjf8vmfnssp4t.jpg","https://media.alfamotorworld.com/uploads/1763023006_tjov362tjf8vmfnssp4t.jpg",2025-11-13T08:36:46.936Z
cars,15,"https://res.cloudinary.com/djfqzcbib/image/upload/v1761419646/alfa-motors/cars/nzbdzziwqsjtigfsv7sh.jpg","https://media.alfamotorworld.com/uploads/1763023008_nzbdzziwqsjtigfsv7sh.jpg",2025-11-13T08:36:48.172Z
cars,15,"https://res.cloudinary.com/djfqzcbib/image/upload/v1761419648/alfa-motors/cars/l8d05n886wezkyqwoqds.jpg","https://media.alfamotorworld.com/uploads/1763023009_l8d05n886wezkyqwoqds.jpg",2025-11-13T08:36:49.151Z
cars,15,"https://res.cloudinary.com/djfqzcbib/image/upload/v1761419650/alfa-motors/cars/xcarq5odtt9x1upyecvn.jpg","https://media.alfamotorworld.com/uploads/1763023010_xcarq5odtt9x1upyecvn.jpg",2025-11-13T08:36:50.472Z
cars,15,"https://res.cloudinary.com/djfqzcbib/image/upload/v1761419653/alfa-motors/cars/wapjlpt62eimgqnxonrj.jpg","https://media.alfamotorworld.com/uploads/1763023011_wapjlpt62eimgqnxonrj.jpg",2025-11-13T08:36:51.840Z
cars,15,"https://res.cloudinary.com/djfqzcbib/image/upload/v1761419654/alfa-motors/cars/kzqm8vomz9l6kemvnbhu.jpg","https://media.alfamotorworld.com/uploads/1763023012_kzqm8vomz9l6kemvnbhu.jpg",2025-11-13T08:36:52.978Z
cars,15,"https://res.cloudinary.com/djfqzcbib/image/upload/v1761419655/alfa-motors/cars/ok8nofgnaxw4nsjqmzhj.jpg","https://media.alfamotorworld.com/uploads/1763023014_ok8nofgnaxw4nsjqmzhj.jpg",2025-11-13T08:36:54.342Z
cars,15,"https://res.cloudinary.com/djfqzcbib/image/upload/v1761419657/alfa-motors/cars/wtl7ohmzbo9h0j5c0tiy.jpg","https://media.alfamotorworld.com/uploads/1763023015_wtl7ohmzbo9h0j5c0tiy.jpg",2025-11-13T08:36:56.076Z
cars,15,"https://res.cloudinary.com/djfqzcbib/image/upload/v1761419658/alfa-motors/cars/luayw671o4o01ha17yc3.jpg","https://media.alfamotorworld.com/uploads/1763023017_luayw671o4o01ha17yc3.jpg",2025-11-13T08:36:57.306Z
cars,15,"https://res.cloudinary.com/djfqzcbib/image/upload/v1761419659/alfa-motors/cars/ujefb9obvxzjfxrh5kkn.jpg","https://media.alfamotorworld.com/uploads/1763023018_ujefb9obvxzjfxrh5kkn.jpg",2025-11-13T08:36:58.390Z
cars,16,"https://res.cloudinary.com/djfqzcbib/image/upload/v1761419660/alfa-motors/cars/pjor2va7gnlfv982h4pj.jpg","https://media.alfamotorworld.com/uploads/1763023022_pjor2va7gnlfv982h4pj.jpg",2025-11-13T08:37:02.998Z
cars,16,"https://res.cloudinary.com/djfqzcbib/image/upload/v1761419662/alfa-motors/cars/uc0wcq8k5bykcb8ssfu8.jpg","https://media.alfamotorworld.com/uploads/1763023026_uc0wcq8k5bykcb8ssfu8.jpg",2025-11-13T08:37:06.993Z
cars,16,"https://res.cloudinary.com/djfqzcbib/image/upload/v1761419663/alfa-motors/cars/ey91ol9djhybpzcau1mr.jpg","https://media.alfamotorworld.com/uploads/1763023029_ey91ol9djhybpzcau1mr.jpg",2025-11-13T08:37:10.036Z
cars,16,"https://res.cloudinary.com/djfqzcbib/image/upload/v1761419664/alfa-motors/cars/uhu46qflab8gbpuyd8ii.jpg","https://media.alfamotorworld.com/uploads/1763023032_uhu46qflab8gbpuyd8ii.jpg",2025-11-13T08:37:12.862Z
cars,16,"https://res.cloudinary.com/djfqzcbib/image/upload/v1761419666/alfa-motors/cars/clwayaan1gzd4g8z2y3x.jpg","https://media.alfamotorworld.com/uploads/1763023085_clwayaan1gzd4g8z2y3x.jpg",2025-11-13T08:38:05.882Z
cars,16,"https://res.cloudinary.com/djfqzcbib/image/upload/v1761419667/alfa-motors/cars/xdhlelncktby6vu5gzrl.jpg","https://media.alfamotorworld.com/uploads/1763023087_xdhlelncktby6vu5gzrl.jpg",2025-11-13T08:38:07.520Z
cars,16,"https://res.cloudinary.com/djfqzcbib/image/upload/v1761419668/alfa-motors/cars/zwwkf7lbfkajnsbjganz.jpg","https://media.alfamotorworld.com/uploads/1763023088_zwwkf7lbfkajnsbjganz.jpg",2025-11-13T08:38:08.769Z
cars,16,"https://res.cloudinary.com/djfqzcbib/image/upload/v1761419669/alfa-motors/cars/jzhuqqdteh9sdtl6livo.jpg","https://media.alfamotorworld.com/uploads/1763023089_jzhuqqdteh9sdtl6livo.jpg",2025-11-13T08:38:10.119Z
cars,16,"https://res.cloudinary.com/djfqzcbib/image/upload/v1761419671/alfa-motors/cars/dfxiz6mjpva2vbs0crjs.jpg","https://media.alfamotorworld.com/uploads/1763023091_dfxiz6mjpva2vbs0crjs.jpg",2025-11-13T08:38:11.757Z
cars,16,"https://res.cloudinary.com/djfqzcbib/image/upload/v1761419672/alfa-motors/cars/zhpqfbdriyu4gsznraex.jpg","https://media.alfamotorworld.com/uploads/1763023093_zhpqfbdriyu4gsznraex.jpg",2025-11-13T08:38:13.256Z
cars,16,"https://res.cloudinary.com/djfqzcbib/image/upload/v1761419674/alfa-motors/cars/sqgydws7m0rqdvi8hpfn.jpg","https://media.alfamotorworld.com/uploads/1763023094_sqgydws7m0rqdvi8hpfn.jpg",2025-11-13T08:38:14.502Z
cars,19,"https://res.cloudinary.com/djfqzcbib/image/upload/v1761419675/alfa-motors/cars/tcpftooqvbhvkh0zg3dv.jpg","https://media.alfamotorworld.com/uploads/1763023099_tcpftooqvbhvkh0zg3dv.jpg",2025-11-13T08:38:20.076Z
cars,19,"https://res.cloudinary.com/djfqzcbib/image/upload/v1761419677/alfa-motors/cars/hjj8ycrgl9nlhhugu67x.jpg","https://media.alfamotorworld.com/uploads/1763023100_hjj8ycrgl9nlhhugu67x.jpg",2025-11-13T08:38:21.132Z
cars,19,"https://res.cloudinary.com/djfqzcbib/image/upload/v1761419678/alfa-motors/cars/kyj6h7sk4v9j68ru30sw.jpg","https://media.alfamotorworld.com/uploads/1763023102_kyj6h7sk4v9j68ru30sw.jpg",2025-11-13T08:38:22.213Z
cars,19,"https://res.cloudinary.com/djfqzcbib/image/upload/v1761419681/alfa-motors/cars/nj6tltfafdnkxu9g3wej.jpg","https://media.alfamotorworld.com/uploads/1763023103_nj6tltfafdnkxu9g3wej.jpg",2025-11-13T08:38:23.339Z
cars,19,"https://res.cloudinary.com/djfqzcbib/image/upload/v1761419682/alfa-motors/cars/t5or6hvw3hfzqioxgxtr.jpg","https://media.alfamotorworld.com/uploads/1763023107_t5or6hvw3hfzqioxgxtr.jpg",2025-11-13T08:38:27.348Z
cars,19,"https://res.cloudinary.com/djfqzcbib/image/upload/v1761419684/alfa-motors/cars/gqngnhvjx7xvdpq3fxij.jpg","https://media.alfamotorworld.com/uploads/1763023111_gqngnhvjx7xvdpq3fxij.jpg",2025-11-13T08:38:32.051Z
cars,19,"https://res.cloudinary.com/djfqzcbib/image/upload/v1761419685/alfa-motors/cars/pnbayazzk6bdqcrlufsj.jpg","https://media.alfamotorworld.com/uploads/1763023114_pnbayazzk6bdqcrlufsj.jpg",2025-11-13T08:38:34.767Z
cars,19,"https://res.cloudinary.com/djfqzcbib/image/upload/v1761419686/alfa-motors/cars/tpgjcqnwlkbafqxycqcf.jpg","https://media.alfamotorworld.com/uploads/1763023115_tpgjcqnwlkbafqxycqcf.jpg",2025-11-13T08:38:36.009Z
cars,19,"https://res.cloudinary.com/djfqzcbib/image/upload/v1761419687/alfa-motors/cars/grgjkdhtu6hqvpjuujbu.jpg","https://media.alfamotorworld.com/uploads/1763023149_grgjkdhtu6hqvpjuujbu.jpg",2025-11-13T08:39:09.441Z
cars,19,"https://res.cloudinary.com/djfqzcbib/image/upload/v1761419688/alfa-motors/cars/xb4uyfohrqzrf0uahezf.jpg","https://media.alfamotorworld.com/uploads/1763023151_xb4uyfohrqzrf0uahezf.jpg",2025-11-13T08:39:11.337Z
cars,19,"https://res.cloudinary.com/djfqzcbib/image/upload/v1761419690/alfa-motors/cars/kxnno5ofom6zyt2sflsf.jpg","https://media.alfamotorworld.com/uploads/1763023152_kxnno5ofom6zyt2sflsf.jpg",2025-11-13T08:39:12.645Z
cars,20,"https://res.cloudinary.com/djfqzcbib/image/upload/v1761419691/alfa-motors/cars/tbxjczgvv78tx9yhzzj3.jpg","https://media.alfamotorworld.com/uploads/1763023156_tbxjczgvv78tx9yhzzj3.jpg",2025-11-13T08:39:17.035Z
cars,20,"https://res.cloudinary.com/djfqzcbib/image/upload/v1761419692/alfa-motors/cars/cbn8wkpwxlez69cwbj9x.jpg","https://media.alfamotorworld.com/uploads/1763023157_cbn8wkpwxlez69cwbj9x.jpg",2025-11-13T08:39:18.033Z
cars,20,"https://res.cloudinary.com/djfqzcbib/image/upload/v1761419693/alfa-motors/cars/kfpgbizlfu3hgnfy19mz.jpg","https://media.alfamotorworld.com/uploads/1763023159_kfpgbizlfu3hgnfy19mz.jpg",2025-11-13T08:39:19.164Z
cars,20,"https://res.cloudinary.com/djfqzcbib/image/upload/v1761419695/alfa-motors/cars/ugpvtmjezv0t2cgxk2it.jpg","https://media.alfamotorworld.com/uploads/1763023160_ugpvtmjezv0t2cgxk2it.jpg",2025-11-13T08:39:20.241Z
cars,20,"https://res.cloudinary.com/djfqzcbib/image/upload/v1761419696/alfa-motors/cars/sfpv42rxqzumcgwynwru.jpg","https://media.alfamotorworld.com/uploads/1763023161_sfpv42rxqzumcgwynwru.jpg",2025-11-13T08:39:21.484Z
cars,20,"https://res.cloudinary.com/djfqzcbib/image/upload/v1761419697/alfa-motors/cars/sqiolnw6eizhhbkvhcih.jpg","https://media.alfamotorworld.com/uploads/1763023162_sqiolnw6eizhhbkvhcih.jpg",2025-11-13T08:39:22.808Z
cars,20,"https://res.cloudinary.com/djfqzcbib/image/upload/v1761419699/alfa-motors/cars/vu66p1ddwc6hfoe7sihf.jpg","https://media.alfamotorworld.com/uploads/1763023163_vu66p1ddwc6hfoe7sihf.jpg",2025-11-13T08:39:23.880Z
cars,20,"https://res.cloudinary.com/djfqzcbib/image/upload/v1761419700/alfa-motors/cars/orkdp0cydm8kufldetbk.jpg","https://media.alfamotorworld.com/uploads/1763023165_orkdp0cydm8kufldetbk.jpg",2025-11-13T08:39:25.171Z
cars,20,"https://res.cloudinary.com/djfqzcbib/image/upload/v1761419701/alfa-motors/cars/ga4m99cnqs3mqku1xtib.jpg","https://media.alfamotorworld.com/uploads/1763023166_ga4m99cnqs3mqku1xtib.jpg",2025-11-13T08:39:26.459Z
cars,20,"https://res.cloudinary.com/djfqzcbib/image/upload/v1761419702/alfa-motors/cars/i8bejpuzmsb1am1cw6bz.jpg","https://media.alfamotorworld.com/uploads/1763023167_i8bejpuzmsb1am1cw6bz.jpg",2025-11-13T08:39:27.659Z
cars,20,"https://res.cloudinary.com/djfqzcbib/image/upload/v1761419703/alfa-motors/cars/ivhcsfqm7vj9qdb430jq.jpg","https://media.alfamotorworld.com/uploads/1763023169_ivhcsfqm7vj9qdb430jq.jpg",2025-11-13T08:39:29.229Z
cars,21,"https://res.cloudinary.com/djfqzcbib/image/upload/v1761419705/alfa-motors/cars/zehekoggtwtyg6imivt3.jpg","https://media.alfamotorworld.com/uploads/1763023173_zehekoggtwtyg6imivt3.jpg",2025-11-13T08:39:33.667Z
cars,21,"https://res.cloudinary.com/djfqzcbib/image/upload/v1761419707/alfa-motors/cars/v2kmnk92jmzdgztjhraq.jpg","https://media.alfamotorworld.com/uploads/1763023174_v2kmnk92jmzdgztjhraq.jpg",2025-11-13T08:39:34.782Z
cars,21,"https://res.cloudinary.com/djfqzcbib/image/upload/v1761419708/alfa-motors/cars/jjujyunfngrhfpvabzrm.jpg","https://media.alfamotorworld.com/uploads/1763023175_jjujyunfngrhfpvabzrm.jpg",2025-11-13T08:39:35.933Z
cars,21,"https://res.cloudinary.com/djfqzcbib/image/upload/v1761419709/alfa-motors/cars/ooz4bo3z40kev1onpvjq.jpg","https://media.alfamotorworld.com/uploads/1763023176_ooz4bo3z40kev1onpvjq.jpg",2025-11-13T08:39:37.036Z
cars,21,"https://res.cloudinary.com/djfqzcbib/image/upload/v1761419711/alfa-motors/cars/vxtxsigf9eclutk61emw.jpg","https://media.alfamotorworld.com/uploads/1763023177_vxtxsigf9eclutk61emw.jpg",2025-11-13T08:39:38.061Z
cars,21,"https://res.cloudinary.com/djfqzcbib/image/upload/v1761419712/alfa-motors/cars/m6ubnqgsrvorjr91ju4k.jpg","https://media.alfamotorworld.com/uploads/1763023179_m6ubnqgsrvorjr91ju4k.jpg",2025-11-13T08:39:39.623Z
cars,25,"https://res.cloudinary.com/djfqzcbib/image/upload/v1761419751/alfa-motors/cars/cz314wcqhtpxbp6bpqpy.jpg","https://media.alfamotorworld.com/uploads/1763023332_cz314wcqhtpxbp6bpqpy.jpg",2025-11-13T08:42:12.292Z
cars,25,"https://res.cloudinary.com/djfqzcbib/image/upload/v1761419753/alfa-motors/cars/hisamoxqeemocqkbrzxr.jpg","https://media.alfamotorworld.com/uploads/1763023333_hisamoxqeemocqkbrzxr.jpg",2025-11-13T08:42:13.885Z
cars,25,"https://res.cloudinary.com/djfqzcbib/image/upload/v1761419754/alfa-motors/cars/r4s9zog4lszaohf1gyfw.jpg","https://media.alfamotorworld.com/uploads/1763023336_r4s9zog4lszaohf1gyfw.jpg",2025-11-13T08:42:16.015Z
cars,25,"https://res.cloudinary.com/djfqzcbib/image/upload/v1761419755/alfa-motors/cars/t1vc2zryie3sbop6y7uk.jpg","https://media.alfamotorworld.com/uploads/1763023337_t1vc2zryie3sbop6y7uk.jpg",2025-11-13T08:42:17.665Z
cars,25,"https://res.cloudinary.com/djfqzcbib/image/upload/v1761419757/alfa-motors/cars/u0806smgcttnklwvr3g3.jpg","https://media.alfamotorworld.com/uploads/1763023338_u0806smgcttnklwvr3g3.jpg",2025-11-13T08:42:18.910Z
cars,25,"https://res.cloudinary.com/djfqzcbib/image/upload/v1761419758/alfa-motors/cars/bgv3uas1lp2lqi5ll9br.jpg","https://media.alfamotorworld.com/uploads/1763023340_bgv3uas1lp2lqi5ll9br.jpg",2025-11-13T08:42:20.106Z
cars,25,"https://res.cloudinary.com/djfqzcbib/image/upload/v1761419759/alfa-motors/cars/tp4sonqtitohmlyfg0pl.jpg","https://media.alfamotorworld.com/uploads/1763023341_tp4sonqtitohmlyfg0pl.jpg",2025-11-13T08:42:21.456Z
cars,25,"https://res.cloudinary.com/djfqzcbib/image/upload/v1761419761/alfa-motors/cars/vi9h7vll9bt0moudddoq.jpg","https://media.alfamotorworld.com/uploads/1763023343_vi9h7vll9bt0moudddoq.jpg",2025-11-13T08:42:23.563Z
cars,25,"https://res.cloudinary.com/djfqzcbib/image/upload/v1761419762/alfa-motors/cars/k7p14yk1nj8ukrlf2z38.jpg","https://media.alfamotorworld.com/uploads/1763023345_k7p14yk1nj8ukrlf2z38.jpg",2025-11-13T08:42:25.396Z
cars,25,"https://res.cloudinary.com/djfqzcbib/image/upload/v1761419763/alfa-motors/cars/ovyqnx4rwziaj9l8y2ze.jpg","https://media.alfamotorworld.com/uploads/1763023346_ovyqnx4rwziaj9l8y2ze.jpg",2025-11-13T08:42:26.573Z
cars,25,"https://res.cloudinary.com/djfqzcbib/image/upload/v1761419764/alfa-motors/cars/fnkdxewe0ju6t3jzyymc.jpg","https://media.alfamotorworld.com/uploads/1763023347_fnkdxewe0ju6t3jzyymc.jpg",2025-11-13T08:42:27.959Z
cars,23,"https://res.cloudinary.com/djfqzcbib/image/upload/v1761419720/alfa-motors/cars/bidvpefptgnql9tghv4v.jpg","https://media.alfamotorworld.com/uploads/1763023370_bidvpefptgnql9tghv4v.jpg",2025-11-13T08:42:50.736Z
cars,23,"https://res.cloudinary.com/djfqzcbib/image/upload/v1761419721/alfa-motors/cars/poeomnfetuqnqdyyqgzb.jpg","https://media.alfamotorworld.com/uploads/1763023371_poeomnfetuqnqdyyqgzb.jpg",2025-11-13T08:42:51.913Z
cars,23,"https://res.cloudinary.com/djfqzcbib/image/upload/v1761419724/alfa-motors/cars/wke1q3jbqnjj27g9ox6q.jpg","https://media.alfamotorworld.com/uploads/1763023373_wke1q3jbqnjj27g9ox6q.jpg",2025-11-13T08:42:53.114Z
cars,23,"https://res.cloudinary.com/djfqzcbib/image/upload/v1761419725/alfa-motors/cars/najlmepnxo8t5b3j6pbh.jpg","https://media.alfamotorworld.com/uploads/1763023374_najlmepnxo8t5b3j6pbh.jpg",2025-11-13T08:42:54.448Z
cars,23,"https://res.cloudinary.com/djfqzcbib/image/upload/v1761419727/alfa-motors/cars/e2f3c4zwm40qpz7azdvw.jpg","https://media.alfamotorworld.com/uploads/1763023375_e2f3c4zwm40qpz7azdvw.jpg",2025-11-13T08:42:55.680Z
cars,23,"https://res.cloudinary.com/djfqzcbib/image/upload/v1761419728/alfa-motors/cars/bdeh0xngro6rg5dvs9do.jpg","https://media.alfamotorworld.com/uploads/1763023377_bdeh0xngro6rg5dvs9do.jpg",2025-11-13T08:42:57.098Z
cars,23,"https://res.cloudinary.com/djfqzcbib/image/upload/v1761419729/alfa-motors/cars/gnolu5nr7rezmrrcvdb3.jpg","https://media.alfamotorworld.com/uploads/1763023378_gnolu5nr7rezmrrcvdb3.jpg",2025-11-13T08:42:58.630Z
cars,23,"https://res.cloudinary.com/djfqzcbib/image/upload/v1761419730/alfa-motors/cars/vnec8jvfu4pzh4stn8tp.jpg","https://media.alfamotorworld.com/uploads/1763023379_vnec8jvfu4pzh4stn8tp.jpg",2025-11-13T08:42:59.671Z
cars,23,"https://res.cloudinary.com/djfqzcbib/image/upload/v1761419732/alfa-motors/cars/wmgxiaajyuxkymlwg9jq.jpg","https://media.alfamotorworld.com/uploads/1763023381_wmgxiaajyuxkymlwg9jq.jpg",2025-11-13T08:43:01.955Z
cars,23,"https://res.cloudinary.com/djfqzcbib/image/upload/v1761419733/alfa-motors/cars/ds7xxtkes2ndzp41vlvp.jpg","https://media.alfamotorworld.com/uploads/1763023383_ds7xxtkes2ndzp41vlvp.jpg",2025-11-13T08:43:03.309Z
cars,23,"https://res.cloudinary.com/djfqzcbib/image/upload/v1761419734/alfa-motors/cars/hrdxodxofbkivwj10kio.jpg","https://media.alfamotorworld.com/uploads/1763023384_hrdxodxofbkivwj10kio.jpg",2025-11-13T08:43:04.237Z
cars,24,"https://res.cloudinary.com/djfqzcbib/image/upload/v1761419736/alfa-motors/cars/mvarntdqvnbtnicrvg3r.jpg","https://media.alfamotorworld.com/uploads/1763023386_mvarntdqvnbtnicrvg3r.jpg",2025-11-13T08:43:06.144Z
cars,24,"https://res.cloudinary.com/djfqzcbib/image/upload/v1761419737/alfa-motors/cars/p04s8jipr6gpmjke9qno.jpg","https://media.alfamotorworld.com/uploads/1763023387_p04s8jipr6gpmjke9qno.jpg",2025-11-13T08:43:07.430Z
cars,24,"https://res.cloudinary.com/djfqzcbib/image/upload/v1761419739/alfa-motors/cars/xucndyy7q5tpzn5rhkuw.jpg","https://media.alfamotorworld.com/uploads/1763023388_xucndyy7q5tpzn5rhkuw.jpg",2025-11-13T08:43:08.419Z
cars,24,"https://res.cloudinary.com/djfqzcbib/image/upload/v1761419740/alfa-motors/cars/b3gvyhumta1jrkv8yaeh.jpg","https://media.alfamotorworld.com/uploads/1763023389_b3gvyhumta1jrkv8yaeh.jpg",2025-11-13T08:43:09.379Z
cars,24,"https://res.cloudinary.com/djfqzcbib/image/upload/v1761419742/alfa-motors/cars/ir2qvahu0dpjhqknrzbp.jpg","https://media.alfamotorworld.com/uploads/1763023390_ir2qvahu0dpjhqknrzbp.jpg",2025-11-13T08:43:10.280Z
cars,24,"https://res.cloudinary.com/djfqzcbib/image/upload/v1761419743/alfa-motors/cars/eiyuvqdpycup2nzrbm28.jpg","https://media.alfamotorworld.com/uploads/1763023391_eiyuvqdpycup2nzrbm28.jpg",2025-11-13T08:43:11.510Z
cars,24,"https://res.cloudinary.com/djfqzcbib/image/upload/v1761419745/alfa-motors/cars/nbosyiidtetsg9e9zhle.jpg","https://media.alfamotorworld.com/uploads/1763023393_nbosyiidtetsg9e9zhle.jpg",2025-11-13T08:43:13.729Z
cars,24,"https://res.cloudinary.com/djfqzcbib/image/upload/v1761419746/alfa-motors/cars/ngohvyasfsnig3tttbxm.jpg","https://media.alfamotorworld.com/uploads/1763023395_ngohvyasfsnig3tttbxm.jpg",2025-11-13T08:43:15.022Z
cars,24,"https://res.cloudinary.com/djfqzcbib/image/upload/v1761419747/alfa-motors/cars/jcpe7pa7vacvmuorajuu.jpg","https://media.alfamotorworld.com/uploads/1763023396_jcpe7pa7vacvmuorajuu.jpg",2025-11-13T08:43:15.992Z
cars,24,"https://res.cloudinary.com/djfqzcbib/image/upload/v1761419749/alfa-motors/cars/ohmrygwalanwkpokm30f.jpg","https://media.alfamotorworld.com/uploads/1763023397_ohmrygwalanwkpokm30f.jpg",2025-11-13T08:43:17.150Z
cars,24,"https://res.cloudinary.com/djfqzcbib/image/upload/v1761419750/alfa-motors/cars/vzzjzw8lfaluqhhqucs6.jpg","https://media.alfamotorworld.com/uploads/1763023397_vzzjzw8lfaluqhhqucs6.jpg",2025-11-13T08:43:17.809Z
cars,26,"https://res.cloudinary.com/djfqzcbib/image/upload/v1761419766/alfa-motors/cars/tueko8khzk22vhexrgpg.jpg","https://media.alfamotorworld.com/uploads/1763023399_tueko8khzk22vhexrgpg.jpg",2025-11-13T08:43:19.718Z
cars,26,"https://res.cloudinary.com/djfqzcbib/image/upload/v1761419767/alfa-motors/cars/whwehc7yiqtzjr4kv1jv.jpg","https://media.alfamotorworld.com/uploads/1763023400_whwehc7yiqtzjr4kv1jv.jpg",2025-11-13T08:43:20.680Z
cars,26,"https://res.cloudinary.com/djfqzcbib/image/upload/v1761419768/alfa-motors/cars/jkma7elpnwlzigrseiqi.jpg","https://media.alfamotorworld.com/uploads/1763023402_jkma7elpnwlzigrseiqi.jpg",2025-11-13T08:43:21.986Z
cars,26,"https://res.cloudinary.com/djfqzcbib/image/upload/v1761419772/alfa-motors/cars/erjxcrddy3npr1qkvaa9.jpg","https://media.alfamotorworld.com/uploads/1763023403_erjxcrddy3npr1qkvaa9.jpg",2025-11-13T08:43:23.350Z
cars,26,"https://res.cloudinary.com/djfqzcbib/image/upload/v1761419773/alfa-motors/cars/llgqzujeymcooghzfkyk.jpg","https://media.alfamotorworld.com/uploads/1763023404_llgqzujeymcooghzfkyk.jpg",2025-11-13T08:43:24.457Z
cars,26,"https://res.cloudinary.com/djfqzcbib/image/upload/v1761419775/alfa-motors/cars/mhtjdazzcjeeskoi1yhu.jpg","https://media.alfamotorworld.com/uploads/1763023405_mhtjdazzcjeeskoi1yhu.jpg",2025-11-13T08:43:25.593Z
cars,26,"https://res.cloudinary.com/djfqzcbib/image/upload/v1761419776/alfa-motors/cars/khj7e0fb1hcmat4ozsjt.jpg","https://media.alfamotorworld.com/uploads/1763023406_khj7e0fb1hcmat4ozsjt.jpg",2025-11-13T08:43:26.639Z
cars,26,"https://res.cloudinary.com/djfqzcbib/image/upload/v1761419777/alfa-motors/cars/syvdeci1lw7wttkvsauv.jpg","https://media.alfamotorworld.com/uploads/1763023407_syvdeci1lw7wttkvsauv.jpg",2025-11-13T08:43:27.884Z
cars,26,"https://res.cloudinary.com/djfqzcbib/image/upload/v1761419779/alfa-motors/cars/ohb3zkoovpdcwqkdu51m.jpg","https://media.alfamotorworld.com/uploads/1763023408_ohb3zkoovpdcwqkdu51m.jpg",2025-11-13T08:43:28.778Z
cars,26,"https://res.cloudinary.com/djfqzcbib/image/upload/v1761419780/alfa-motors/cars/kl3jmsv3b06xrk4tsmel.jpg","https://media.alfamotorworld.com/uploads/1763023409_kl3jmsv3b06xrk4tsmel.jpg",2025-11-13T08:43:29.585Z
cars,26,"https://res.cloudinary.com/djfqzcbib/image/upload/v1761419782/alfa-motors/cars/fb83wwves0zmzrnvj7hc.jpg","https://media.alfamotorworld.com/uploads/1763023410_fb83wwves0zmzrnvj7hc.jpg",2025-11-13T08:43:30.508Z
cars,27,"https://res.cloudinary.com/djfqzcbib/image/upload/v1761419784/alfa-motors/cars/iyiusu6lwdoabkxecx57.jpg","https://media.alfamotorworld.com/uploads/1763023412_iyiusu6lwdoabkxecx57.jpg",2025-11-13T08:43:32.928Z
cars,27,"https://res.cloudinary.com/djfqzcbib/image/upload/v1761419785/alfa-motors/cars/pbgquhbzh8wgnggovmux.jpg","https://media.alfamotorworld.com/uploads/1763023414_pbgquhbzh8wgnggovmux.jpg",2025-11-13T08:43:34.517Z
cars,27,"https://res.cloudinary.com/djfqzcbib/image/upload/v1761419787/alfa-motors/cars/cwz8ko01trqz2kq7exeg.jpg","https://media.alfamotorworld.com/uploads/1763023417_cwz8ko01trqz2kq7exeg.jpg",2025-11-13T08:43:37.175Z
cars,27,"https://res.cloudinary.com/djfqzcbib/image/upload/v1761419790/alfa-motors/cars/ab9taedohaizuxuwljgk.jpg","https://media.alfamotorworld.com/uploads/1763023420_ab9taedohaizuxuwljgk.jpg",2025-11-13T08:43:40.061Z
cars,27,"https://res.cloudinary.com/djfqzcbib/image/upload/v1761419791/alfa-motors/cars/k4dfn2fdcvnpwruknmxx.jpg","https://media.alfamotorworld.com/uploads/1763023422_k4dfn2fdcvnpwruknmxx.jpg",2025-11-13T08:43:42.768Z
cars,27,"https://res.cloudinary.com/djfqzcbib/image/upload/v1761419792/alfa-motors/cars/exd8tmtbmuywkpxj8idv.jpg","https://media.alfamotorworld.com/uploads/1763023424_exd8tmtbmuywkpxj8idv.jpg",2025-11-13T08:43:44.601Z
cars,27,"https://res.cloudinary.com/djfqzcbib/image/upload/v1761419794/alfa-motors/cars/parbl6srcakcizlenccb.jpg","https://media.alfamotorworld.com/uploads/1763023425_parbl6srcakcizlenccb.jpg",2025-11-13T08:43:45.457Z
cars,28,"https://res.cloudinary.com/djfqzcbib/image/upload/v1761419801/alfa-motors/cars/fkuhlczevb73xcmkl0yj.jpg","https://media.alfamotorworld.com/uploads/1763023802_fkuhlczevb73xcmkl0yj.jpg",2025-11-13T08:50:03.068Z
cars,28,"https://res.cloudinary.com/djfqzcbib/image/upload/v1761419802/alfa-motors/cars/ytpaatpgxfsy716ei3np.jpg","https://media.alfamotorworld.com/uploads/1763023804_ytpaatpgxfsy716ei3np.jpg",2025-11-13T08:50:04.594Z
cars,28,"https://res.cloudinary.com/djfqzcbib/image/upload/v1761419804/alfa-motors/cars/bjwgqkmzwpwt0plidf0b.jpg","https://media.alfamotorworld.com/uploads/1763023805_bjwgqkmzwpwt0plidf0b.jpg",2025-11-13T08:50:05.625Z
cars,28,"https://res.cloudinary.com/djfqzcbib/image/upload/v1761419805/alfa-motors/cars/ez1ax8fpnpjshtuusifk.jpg","https://media.alfamotorworld.com/uploads/1763023806_ez1ax8fpnpjshtuusifk.jpg",2025-11-13T08:50:06.668Z
cars,28,"https://res.cloudinary.com/djfqzcbib/image/upload/v1761419808/alfa-motors/cars/t2c4vwh5tjjxej0rtqxk.jpg","https://media.alfamotorworld.com/uploads/1763023807_t2c4vwh5tjjxej0rtqxk.jpg",2025-11-13T08:50:07.839Z
cars,28,"https://res.cloudinary.com/djfqzcbib/image/upload/v1761419809/alfa-motors/cars/uagbl1y2udkkyyho0yse.jpg","https://media.alfamotorworld.com/uploads/1763023808_uagbl1y2udkkyyho0yse.jpg",2025-11-13T08:50:08.973Z
cars,28,"https://res.cloudinary.com/djfqzcbib/image/upload/v1761419810/alfa-motors/cars/bcuwczw2mtbrn2swc1xg.jpg","https://media.alfamotorworld.com/uploads/1763023810_bcuwczw2mtbrn2swc1xg.jpg",2025-11-13T08:50:10.411Z
cars,28,"https://res.cloudinary.com/djfqzcbib/image/upload/v1761419812/alfa-motors/cars/tdpv2m2haixbsiiiiikc.jpg","https://media.alfamotorworld.com/uploads/1763023811_tdpv2m2haixbsiiiiikc.jpg",2025-11-13T08:50:11.626Z
cars,28,"https://res.cloudinary.com/djfqzcbib/image/upload/v1761419813/alfa-motors/cars/kxfxdmyywd0vlpg3zpet.jpg","https://media.alfamotorworld.com/uploads/1763023812_kxfxdmyywd0vlpg3zpet.jpg",2025-11-13T08:50:12.975Z
cars,28,"https://res.cloudinary.com/djfqzcbib/image/upload/v1761419814/alfa-motors/cars/ean3n4o1v06ggypcsepc.jpg","https://media.alfamotorworld.com/uploads/1763023814_ean3n4o1v06ggypcsepc.jpg",2025-11-13T08:50:14.442Z
cars,28,"https://res.cloudinary.com/djfqzcbib/image/upload/v1761419815/alfa-motors/cars/ilwska3e39jdrofxmfie.jpg","https://media.alfamotorworld.com/uploads/1763023815_ilwska3e39jdrofxmfie.jpg",2025-11-13T08:50:15.663Z
cars,29,"https://res.cloudinary.com/djfqzcbib/image/upload/v1761419817/alfa-motors/cars/jcb2jf93wxpd15topbux.jpg","https://media.alfamotorworld.com/uploads/1763023823_jcb2jf93wxpd15topbux.jpg",2025-11-13T08:50:23.642Z
cars,29,"https://res.cloudinary.com/djfqzcbib/image/upload/v1761419820/alfa-motors/cars/rax4djzxuhywbmk45vx0.jpg","https://media.alfamotorworld.com/uploads/1763023825_rax4djzxuhywbmk45vx0.jpg",2025-11-13T08:50:25.613Z
cars,29,"https://res.cloudinary.com/djfqzcbib/image/upload/v1761419821/alfa-motors/cars/jhd3f7whm9ijwuumgcai.jpg","https://media.alfamotorworld.com/uploads/1763023827_jhd3f7whm9ijwuumgcai.jpg",2025-11-13T08:50:27.361Z
cars,29,"https://res.cloudinary.com/djfqzcbib/image/upload/v1761419822/alfa-motors/cars/axkl6bhvol0csw3u2ofr.jpg","https://media.alfamotorworld.com/uploads/1763023828_axkl6bhvol0csw3u2ofr.jpg",2025-11-13T08:50:28.930Z
cars,29,"https://res.cloudinary.com/djfqzcbib/image/upload/v1761419824/alfa-motors/cars/fqfky6smaekgzeyrl9jn.jpg","https://media.alfamotorworld.com/uploads/1763023830_fqfky6smaekgzeyrl9jn.jpg",2025-11-13T08:50:30.268Z
cars,29,"https://res.cloudinary.com/djfqzcbib/image/upload/v1761419825/alfa-motors/cars/jybmw4wejvdox4ieernv.jpg","https://media.alfamotorworld.com/uploads/1763023831_jybmw4wejvdox4ieernv.jpg",2025-11-13T08:50:31.836Z
cars,29,"https://res.cloudinary.com/djfqzcbib/image/upload/v1761419826/alfa-motors/cars/bbwiqu1nk2msxskptfdu.jpg","https://media.alfamotorworld.com/uploads/1763023833_bbwiqu1nk2msxskptfdu.jpg",2025-11-13T08:50:33.442Z
cars,29,"https://res.cloudinary.com/djfqzcbib/image/upload/v1761419829/alfa-motors/cars/ruy2lsc2exexajaxb0bg.jpg","https://media.alfamotorworld.com/uploads/1763023834_ruy2lsc2exexajaxb0bg.jpg",2025-11-13T08:50:34.638Z
cars,29,"https://res.cloudinary.com/djfqzcbib/image/upload/v1761419830/alfa-motors/cars/kardq1cd5jikfjbfhfuw.jpg","https://media.alfamotorworld.com/uploads/1763023835_kardq1cd5jikfjbfhfuw.jpg",2025-11-13T08:50:36.011Z
cars,29,"https://res.cloudinary.com/djfqzcbib/image/upload/v1761419832/alfa-motors/cars/bltcxqtpvzzgkdpnacxu.jpg","https://media.alfamotorworld.com/uploads/1763023837_bltcxqtpvzzgkdpnacxu.jpg",2025-11-13T08:50:37.665Z
cars,29,"https://res.cloudinary.com/djfqzcbib/image/upload/v1761419833/alfa-motors/cars/zkhziw2dnnvm3txyu6cm.jpg","https://media.alfamotorworld.com/uploads/1763023839_zkhziw2dnnvm3txyu6cm.jpg",2025-11-13T08:50:39.968Z
cars,30,"https://res.cloudinary.com/djfqzcbib/image/upload/v1761419834/alfa-motors/cars/hkgilwjeuqwd2r6iozyd.jpg","https://media.alfamotorworld.com/uploads/1763023844_hkgilwjeuqwd2r6iozyd.jpg",2025-11-13T08:50:44.204Z
cars,30,"https://res.cloudinary.com/djfqzcbib/image/upload/v1761419836/alfa-motors/cars/npquhqsp7kwoc8fkfm39.jpg","https://media.alfamotorworld.com/uploads/1763023845_npquhqsp7kwoc8fkfm39.jpg",2025-11-13T08:50:45.289Z
cars,30,"https://res.cloudinary.com/djfqzcbib/image/upload/v1761419837/alfa-motors/cars/fmojavyfelcdajnwpra1.jpg","https://media.alfamotorworld.com/uploads/1763023846_fmojavyfelcdajnwpra1.jpg",2025-11-13T08:50:46.270Z
cars,30,"https://res.cloudinary.com/djfqzcbib/image/upload/v1761419838/alfa-motors/cars/bzvcjdzmxkushoya5q0j.jpg","https://media.alfamotorworld.com/uploads/1763023847_bzvcjdzmxkushoya5q0j.jpg",2025-11-13T08:50:47.275Z
cars,30,"https://res.cloudinary.com/djfqzcbib/image/upload/v1761419839/alfa-motors/cars/xva3elaxaxlcnhxfvpmz.jpg","https://media.alfamotorworld.com/uploads/1763023848_xva3elaxaxlcnhxfvpmz.jpg",2025-11-13T08:50:48.416Z
cars,30,"https://res.cloudinary.com/djfqzcbib/image/upload/v1761419840/alfa-motors/cars/vsrbuk50agbeaelp5men.jpg","https://media.alfamotorworld.com/uploads/1763023849_vsrbuk50agbeaelp5men.jpg",2025-11-13T08:50:49.696Z
cars,30,"https://res.cloudinary.com/djfqzcbib/image/upload/v1761419841/alfa-motors/cars/rkuasbj07h94nfempcos.jpg","https://media.alfamotorworld.com/uploads/1763023850_rkuasbj07h94nfempcos.jpg",2025-11-13T08:50:50.932Z
cars,30,"https://res.cloudinary.com/djfqzcbib/image/upload/v1761419843/alfa-motors/cars/jpofbkcs8rcfyhkctmd4.jpg","https://media.alfamotorworld.com/uploads/1763023852_jpofbkcs8rcfyhkctmd4.jpg",2025-11-13T08:50:52.365Z
cars,30,"https://res.cloudinary.com/djfqzcbib/image/upload/v1761419844/alfa-motors/cars/gqmuneytlzsr6yn9awrj.jpg","https://media.alfamotorworld.com/uploads/1763023853_gqmuneytlzsr6yn9awrj.jpg",2025-11-13T08:50:53.676Z
cars,30,"https://res.cloudinary.com/djfqzcbib/image/upload/v1761419846/alfa-motors/cars/rszbz02jlxk5u64p8hjp.jpg","https://media.alfamotorworld.com/uploads/1763023854_rszbz02jlxk5u64p8hjp.jpg",2025-11-13T08:50:55.012Z
cars,30,"https://res.cloudinary.com/djfqzcbib/image/upload/v1761419847/alfa-motors/cars/uvxxvfradeot8rnyhtwy.jpg","https://media.alfamotorworld.com/uploads/1763023856_uvxxvfradeot8rnyhtwy.jpg",2025-11-13T08:50:56.363Z
cars,31,"https://res.cloudinary.com/djfqzcbib/image/upload/v1761419850/alfa-motors/cars/vl50aljpypraoe6l1z8e.jpg","https://media.alfamotorworld.com/uploads/1763023860_vl50aljpypraoe6l1z8e.jpg",2025-11-13T08:51:00.393Z
cars,31,"https://res.cloudinary.com/djfqzcbib/image/upload/v1761419851/alfa-motors/cars/wxsxybfpj7sdgnwo4ymt.jpg","https://media.alfamotorworld.com/uploads/1763023861_wxsxybfpj7sdgnwo4ymt.jpg",2025-11-13T08:51:01.661Z
cars,31,"https://res.cloudinary.com/djfqzcbib/image/upload/v1761419853/alfa-motors/cars/ee4plvamfzauhh44bob3.jpg","https://media.alfamotorworld.com/uploads/1763023862_ee4plvamfzauhh44bob3.jpg",2025-11-13T08:51:02.853Z
cars,31,"https://res.cloudinary.com/djfqzcbib/image/upload/v1761419854/alfa-motors/cars/tqdb4dj7eyfxubknvviv.jpg","https://media.alfamotorworld.com/uploads/1763023863_tqdb4dj7eyfxubknvviv.jpg",2025-11-13T08:51:04.012Z
cars,31,"https://res.cloudinary.com/djfqzcbib/image/upload/v1761419856/alfa-motors/cars/g10nzsojuvnitawetrnz.jpg","https://media.alfamotorworld.com/uploads/1763023864_g10nzsojuvnitawetrnz.jpg",2025-11-13T08:51:05.059Z
cars,31,"https://res.cloudinary.com/djfqzcbib/image/upload/v1761419857/alfa-motors/cars/srugbvmg14pgq0vuynaz.jpg","https://media.alfamotorworld.com/uploads/1763023865_srugbvmg14pgq0vuynaz.jpg",2025-11-13T08:51:06.147Z
cars,31,"https://res.cloudinary.com/djfqzcbib/image/upload/v1761419858/alfa-motors/cars/nuw01jypaconiavmzzju.jpg","https://media.alfamotorworld.com/uploads/1763023867_nuw01jypaconiavmzzju.jpg",2025-11-13T08:51:07.720Z
cars,31,"https://res.cloudinary.com/djfqzcbib/image/upload/v1761419859/alfa-motors/cars/ncryfrnxhdkwoks5fobl.jpg","https://media.alfamotorworld.com/uploads/1763023868_ncryfrnxhdkwoks5fobl.jpg",2025-11-13T08:51:08.875Z
cars,31,"https://res.cloudinary.com/djfqzcbib/image/upload/v1761419861/alfa-motors/cars/eewjkllwx0xmvh4oynjw.jpg","https://media.alfamotorworld.com/uploads/1763023870_eewjkllwx0xmvh4oynjw.jpg",2025-11-13T08:51:10.182Z
cars,31,"https://res.cloudinary.com/djfqzcbib/image/upload/v1761419863/alfa-motors/cars/yo1foo3ruui3f4bzbcth.jpg","https://media.alfamotorworld.com/uploads/1763023871_yo1foo3ruui3f4bzbcth.jpg",2025-11-13T08:51:11.439Z
cars,31,"https://res.cloudinary.com/djfqzcbib/image/upload/v1761419864/alfa-motors/cars/qlhti9h1kunphghzwx4a.jpg","https://media.alfamotorworld.com/uploads/1763023872_qlhti9h1kunphghzwx4a.jpg",2025-11-13T08:51:12.698Z
cars,32,"https://res.cloudinary.com/djfqzcbib/image/upload/v1761419867/alfa-motors/cars/qrbbfxhbx6mqxoidsrnk.jpg","https://media.alfamotorworld.com/uploads/1763023876_qrbbfxhbx6mqxoidsrnk.jpg",2025-11-13T08:51:16.780Z
cars,32,"https://res.cloudinary.com/djfqzcbib/image/upload/v1761419870/alfa-motors/cars/ird7xido6mj1ehs4djud.jpg","https://media.alfamotorworld.com/uploads/1763023878_ird7xido6mj1ehs4djud.jpg",2025-11-13T08:51:18.703Z
cars,32,"https://res.cloudinary.com/djfqzcbib/image/upload/v1761419871/alfa-motors/cars/rj6joxf16yrd8brvnxvs.jpg","https://media.alfamotorworld.com/uploads/1763023879_rj6joxf16yrd8brvnxvs.jpg",2025-11-13T08:51:19.859Z
cars,32,"https://res.cloudinary.com/djfqzcbib/image/upload/v1761419872/alfa-motors/cars/scdezzvgsqqjwuthq7qq.jpg","https://media.alfamotorworld.com/uploads/1763023881_scdezzvgsqqjwuthq7qq.jpg",2025-11-13T08:51:21.842Z
cars,32,"https://res.cloudinary.com/djfqzcbib/image/upload/v1761419874/alfa-motors/cars/adp01rw8uvzfez8c7nni.jpg","https://media.alfamotorworld.com/uploads/1763023883_adp01rw8uvzfez8c7nni.jpg",2025-11-13T08:51:23.306Z
cars,32,"https://res.cloudinary.com/djfqzcbib/image/upload/v1761419875/alfa-motors/cars/naf4lbvsbgvtuskytn2q.jpg","https://media.alfamotorworld.com/uploads/1763023884_naf4lbvsbgvtuskytn2q.jpg",2025-11-13T08:51:24.675Z
cars,32,"https://res.cloudinary.com/djfqzcbib/image/upload/v1761419876/alfa-motors/cars/beribyqxsaojgspaoy7d.jpg","https://media.alfamotorworld.com/uploads/1763023886_beribyqxsaojgspaoy7d.jpg",2025-11-13T08:51:26.236Z
cars,32,"https://res.cloudinary.com/djfqzcbib/image/upload/v1761419878/alfa-motors/cars/zcthlcqw46c4iufngydy.jpg","https://media.alfamotorworld.com/uploads/1763023887_zcthlcqw46c4iufngydy.jpg",2025-11-13T08:51:27.396Z
cars,32,"https://res.cloudinary.com/djfqzcbib/image/upload/v1761419879/alfa-motors/cars/ejhbwskw9zazqaqf7gg1.jpg","https://media.alfamotorworld.com/uploads/1763023888_ejhbwskw9zazqaqf7gg1.jpg",2025-11-13T08:51:28.595Z
cars,32,"https://res.cloudinary.com/djfqzcbib/image/upload/v1761419880/alfa-motors/cars/angtohbx0q3qtlkq4whz.jpg","https://media.alfamotorworld.com/uploads/1763023890_angtohbx0q3qtlkq4whz.jpg",2025-11-13T08:51:30.200Z
cars,32,"https://res.cloudinary.com/djfqzcbib/image/upload/v1761419882/alfa-motors/cars/irdw3mzwvbux3jryd0ee.jpg","https://media.alfamotorworld.com/uploads/1763023891_irdw3mzwvbux3jryd0ee.jpg",2025-11-13T08:51:31.668Z
